{"cameraMode":{"drawMode":0,"name":"Shaded","section":"Shading Mode"},"sceneLighting":true,"audioPlay":false,"sceneViewState":{"showFog":true,"showMaterialUpdate":false,"showSkybox":true,"showFlares":true,"showImageEffects":true,"showParticleSystems":true},"in2DMode":false,"pivot":{"x":6.716522693634033,"y":8.80760669708252,"z":15.604110717773438},"rotation":{"x":-0.1033865362405777,"y":-0.07033870369195938,"z":0.007119279820472002,"w":-0.9921984672546387},"size":36.932003021240237,"orthographic":false}