{"cameraMode":{"drawMode":0,"name":"Shaded","section":"Shading Mode"},"sceneLighting":false,"audioPlay":false,"sceneViewState":{"showFog":true,"showMaterialUpdate":false,"showSkybox":false,"showFlares":true,"showImageEffects":true,"showParticleSystems":true},"in2DMode":false,"pivot":{"x":-1.5155327320098878,"y":10.370918273925782,"z":-41.63478088378906},"rotation":{"x":-0.009534284472465516,"y":-0.990523636341095,"z":-0.10706616938114166,"w":0.08632979542016983},"size":22.0,"orthographic":false}